Entity Type (Not Editable),Bundle (Not Editable),nid,vid,body_zh,body_en,title_zh,title_en,meta_title,meta_description,meta_keywords,uid,language,url
node,article,29,29,"<p>这个是记事A的内容</p>
<p>你好世界</p>","<p>This is body of article A</p>
<p>Hello world</p>",记事A,a-1,记事A | [site:name],记事A,记事,1,en,article/1
node,article,30,30,"<p>这个是记事B的内容</p>
<p>你好世界</p>","<p>This is body of article B</p>
<p>Hello world</p>",记事B,a-2,记事B | [site:name],记事B,记事,1,en,article/2
node,article,31,31,"<p>这个是记事C的内容</p>
<p>你好世界</p>","<p>This is body of article C</p>
<p>Hello world</p>",记事C,a-3,记事C | [site:name],记事C,记事,1,en,article/3
node,article,32,32,"<p>这个是记事D的内容</p>
<p>你好世界</p>",<p>This is body of article D</p><p>Hello world</p>,记事D,a-4,记事D | [site:name],记事D,记事,1,en,article/4
node,article,33,33,"<p>这个是记事E的内容</p>
<p>你好世界</p>",<p>This is body of article E</p><p>Hello world</p>,记事E,a-5,记事E | [site:name],记事E,记事,1,en,article/5
node,article,34,34,"<p>这个是记事F的内容</p>
<p>你好世界</p>",<p>we &nbsp;are really happy.</p><p>&nbsp;</p><p>to see you tonight.</p>,记事F,This is a last article on 2015/09/13,记事F | [site:name],记事F,记事,1,en,Last-article-f
